Point Id,Northing,Easting,Elevation,Code,Code Description,,,,
2000,6008112.812,639614.378,649.466,GS,GROUND SHOT,,,,
2001,6008113.664,639615.53,649.396,TOB,TOP OF BANK,,,,
2002,6008116.325,639618.128,647.917,BOB,BOTTOM OF BANK,,,,
2003,6008116.325,639618.128,647.917,TOB,TOP OF BANK,,,,
2004,6008116.933,639618.485,646.627,BED,BED,,,,
2005,6008117.388,639619.386,646.289,BED,BED,,,,
2006,6008118.24,639620.473,645.996,BED,BED,,,,
2007,6008119.17,639621.962,645.978,BED,BED,,,,
2008,6008119.637,639624.062,646.014,BED,BED,,,,
2009,6008120.219,639624.919,646.166,BED,BED,,,,
2010,6008120.557,639625.785,646.579,BED,BED,,,,
2011,6008121.282,639627.601,646.638,BED,BED,,,,
2012,6008122.516,639628.479,646.767,BED,BED,,,,
2013,6008123.489,639629.057,646.947,BED,BED,,,,
2014,6008124.168,639629.837,647.7,BANK,BANK,,,,
2015,6008124.545,639630.227,648.145,TOB,TOP OF BANK,,,,
2016,6008125.746,639632.142,648.424,BOB,BOTTOM OF BANK,,,,
2017,6008126.356,639635.218,650.042,TOB,TOP OF BANK,,,,
2018,6008127.516,639636.926,649.924,GS,GROUND SHOT,,,,
2019,6008115.802,639633.725,650.449,GS,GROUND SHOT,,,,
2020,6008115.131,639633.102,650.461,ABUTEMENT,ABUTEMENT,,,,
2021,6008108.899,639623.121,650.487,ABUTEMENT,ABUTEMENT,,,,
2022,6008108.397,639622.026,650.446,GS,GROUND SHOT,,,,
2023,6008100.228,639627.54,650.643,GS,GROUND SHOT,,,,
2024,6008100.772,639628.167,650.715,ABUTEMENT,ABUTEMENT,,,,
2025,6008106.975,639638.139,650.648,ABUTEMENT,ABUTEMENT,,,,
2026,6008107.42,639639.009,650.642,GS,GROUND SHOT,,,,
2027,6008115.277,639632.923,648.446,TOB,TOP OF BANK,,,,
2028,6008114.489,639631.722,647.078,BOB,BOTTOM OF BANK,,,,
2029,6008114.321,639631.188,646.894,BED,BED,,,,
2030,6008113.456,639630.049,646.635,BED,BED,,,,
2031,6008112.627,639629.037,646.557,BED,BED,,,,
2032,6008112.383,639627.622,646.408,BED,BED,,,,
2033,6008111.396,639626.493,646.488,BED,BED,,,,
2034,6008111.067,639625.193,646.861,BED,BED,,,,
2035,6008110.442,639624.96,647.091,BOB,BOTTOM OF BANK,,,,
2036,6008109.006,639623.164,648.432,TOB,TOP OF BANK,,,,
2037,6008100.795,639628.171,648.255,TOB,TOP OF BANK,,,,
2038,6008101.891,639629.594,647.105,BOB,BOTTOM OF BANK,,,,
2039,6008102.222,639630.539,646.843,BED,BED,,,,
2040,6008101.828,639630.157,647.046,WL,WATERLEVEL,,,,
2041,6008102.445,639630.836,646.849,BED,BED,,,,
2042,6008103.361,639633.085,646.528,BED,BED,,,,
2043,6008104.064,639633.957,646.49,BED,BED,,,,
2044,6008104.423,639635.016,646.602,BED,BED,,,,
2045,6008104.913,639635.829,646.78,BED,BED,,,,
2046,6008105.23,639636.257,646.995,BOB,BOTTOM OF BANK,,,,
2047,6008106.027,639637.178,647.549,BANK,BANK,,,,
2048,6008106.929,639638.129,648.244,TOB,TOP OF BANK,,,,
2049,6008088.658,639631.248,650.278,GS,GROUND SHOT,,,,
2050,6008090.069,639632.619,650.011,TOB,TOP OF BANK,,,,
2051,6008092.137,639634.947,647.127,BOB,BOTTOM OF BANK,,,,
2052,6008092.28,639635.071,647.016,WL,WATERLEVEL,,,,
2053,6008092.616,639635.837,646.326,BED,BED,,,,
2054,6008093.617,639636.749,646.01,BED,BED,,,,
2055,6008094.115,639637.761,646.215,BED,BED,,,,
2056,6008094.786,639639.461,646.364,BED,BED,,,,
2057,6008095.019,639639.894,646.423,BED,BED,,,,
2058,6008094.774,639641.948,646.861,BED,BED,,,,
2059,6008095.143,639642.553,646.991,BOB,BOTTOM OF BANK,,,,
2060,6008096.486,639644.949,649.46,BANK,BANK,,,,
2061,6008096.843,639647.151,650.214,TOB,TOP OF BANK,,,,
2062,6008097.747,639649.475,650.292,GS,GROUND SHOT,,,,
2063,6008086.99,639663.056,650.313,GS,GROUND SHOT,,,,
2064,6008084.422,639661.101,650.214,TOB,TOP OF BANK,,,,
2065,6008080.515,639660.183,647.067,BOB,BOTTOM OF BANK,,,,
2066,6008080.155,639659.372,646.856,BED,BED,,,,
2067,6008079.986,639659.267,646.727,BED,BED,,,,
2068,6008079.423,639659.197,646.677,BED,BED,,,,
2069,6008078.922,639658.531,646.714,BED,BED,,,,
2070,6008078.046,639658.539,646.952,BED,BED,,,,
2071,6008077.189,639658.094,647.059,BED,BED,,,,
2072,6008075.574,639657.499,647.073,BED,BED,,,,
2073,6008074.917,639657.503,647.165,BAR,BAR,,,,
2074,6008074.358,639657.193,647.409,BAR,BAR,,,,
2075,6008073.393,639656.473,647.247,BAR,BAR,,,,
2076,6008072.771,639656.228,647.185,BED,BED,,,,
2077,6008072.176,639655.513,647.143,BED,BED,,,,
2078,6008071.325,639655.068,647.215,BED,BED,,,,
2079,6008071.114,639655.013,647.279,BOB,BOTTOM OF BANK,,,,
2080,6008069.994,639654.59,648.384,TOB,TOP OF BANK,,,,
2081,6008052.165,639667.017,648.642,GS,GROUND SHOT,,,,
2082,6008052.796,639667.948,648.483,GS,GROUND SHOT,,,,
2083,6008053.764,639669.03,647.862,BOB,BOTTOM OF BANK,,,,
2084,6008054.194,639670.066,647.774,GS,GROUND SHOT,,,,
2085,6008055.075,639670.61,647.511,WL,WATERLEVEL,,,,
2086,6008055.398,639671.211,647.182,BED,BED,,,,
2087,6008056.042,639672.308,646.836,BED,BED,,,,
2088,6008056.75,639674.075,646.304,BED,BED,,,,
2089,6008056.902,639675.126,646.317,BED,BED,,,,
2090,6008057.258,639675.317,646.309,BED,BED,,,,
2091,6008057.995,639676.239,646.908,BED,BED,,,,
2092,6008058.181,639677.146,647.282,BED,BED,,,,
2093,6008058.102,639677.822,647.279,BED,BED,,,,
2094,6008058.139,639678.019,647.594,BOB,BOTTOM OF BANK,,,,
2095,6008059.778,639681.413,650.172,TOB,TOP OF BANK,,,,
2096,6008060.311,639682.96,650.311,GS,GROUND SHOT,,,,
2097,6008040.119,639666.063,649.166,GS,GROUND SHOT,,,,
2098,6008038.484,639666.825,649.032,TOB,TOP OF BANK,,,,
2099,6008037.258,639667.225,647.524,BOB,BOTTOM OF BANK,,,,
2100,6008036.759,639667.584,647.183,BED,BED,,,,
2101,6008036.305,639668.252,647.066,BED,BED,,,,
2102,6008035.104,639668.662,647.197,BED,BED,,,,
2103,6008033.542,639668.981,647.116,BED,BED,,,,
2104,6008032.632,639669.416,647.127,BED,BED,,,,
2105,6008031.205,639669.934,647.403,BED,BED,,,,
2106,6008030.992,639670.232,647.525,BAR,BAR,,,,
2107,6008029.816,639671.895,647.73,BAR,BAR,,,,
2108,6008028.99,639673.884,647.904,BAR,BAR,,,,
2109,6008027.864,639675.611,648.076,GS,GROUND SHOT,,,,
2110,6008026.928,639677.461,648.276,GS,GROUND SHOT,,,,
2111,6008026.753,639679.041,648.595,GS,GROUND SHOT,,,,
2112,6008016.327,639684.189,648.3,GS,GROUND SHOT,,,,
2113,6008013.713,639679.418,648.592,GS,GROUND SHOT,,,,
2114,6008012.446,639678.249,648.46,TOB,TOP OF BANK,,,,
2115,6008011.257,639676.994,647.941,BOB,BOTTOM OF BANK,,,,
2116,6008010.916,639676.714,647.862,BED,BED,,,,
2117,6008010.314,639675.933,647.798,BED,BED,,,,
2118,6008009.899,639675.302,647.692,BED,BED,,,,
2119,6008009,639673.816,647.707,BED,BED,,,,
2120,6008008.217,639672.534,647.715,BED,BED,,,,
2121,6008007.046,639670.944,647.768,BED,BED,,,,
2122,6008006.671,639670.224,647.909,BAR,BAR,,,,
2123,6008005.896,639668.486,647.929,BAR,BAR,,,,
2124,6008004.795,639667.054,647.86,BAR,BAR,,,,
2125,6008003.561,639665.514,647.926,BOB,BOTTOM OF BANK,,,,
2126,6008003.216,639664.997,648.368,TOB,TOP OF BANK,,,,
2127,6008001.24,639663.639,648.494,BOB,BOTTOM OF BANK,,,,
2128,6008000.571,639662.173,649.946,TOB,TOP OF BANK,,,,
2129,6007999.801,639660.903,650.033,GS,GROUND SHOT,,,,
2130,6007985.071,639676.094,650.057,GS,GROUND SHOT,,,,
2131,6007985.264,639676.777,649.982,TOB,TOP OF BANK,,,,
2132,6007986.872,639676.938,648.869,BOB,BOTTOM OF BANK,,,,
2133,6007989.576,639678.21,648.658,TOB,TOP OF BANK,,,,
2134,6007990.625,639678.573,648.076,BOB,BOTTOM OF BANK,,,,
2135,6007992.09,639679.972,647.94,WL,WATERLEVEL,,,,
2136,6007991.885,639681.682,647.42,BED,BED,,,,
2137,6007992.758,639682.703,647.286,BED,BED,,,,
2138,6007993.979,639684.766,647.708,BED,BED,,,,
2139,6007994.557,639685.841,647.836,BED,BED,,,,
2140,6007995.219,639687.759,647.845,BED,BED,,,,
2141,6007995.913,639689.647,647.739,BED,BED,,,,
2142,6007996.785,639690.553,647.877,BED,BED,,,,
2143,6007996.923,639690.844,647.949,GS,GROUND SHOT,,,,
2144,6007997.422,639691.616,648.223,BOB,BOTTOM OF BANK,,,,
2145,6007997.696,639692.384,648.589,TOB,TOP OF BANK,,,,
2146,6007997.778,639693.895,648.598,GS,GROUND SHOT,,,,
2147,6007998.498,639696.217,648.432,GS,GROUND SHOT,,,,
2148,6007973.978,639716.035,648.809,TL,TREELINE,,,,
2149,6007972.975,639715.718,648.548,GS,GROUND SHOT,,,,
2150,6007971.892,639714.404,648.369,GS,GROUND SHOT,,,,
2151,6007970.531,639712.713,648.193,GS,GROUND SHOT,,,,
2152,6007969.489,639711.617,647.995,BED,BED,,,,
2153,6007968.83,639710.561,647.764,BED,BED,,,,
2154,6007968.057,639709.24,647.615,BED,BED,,,,
2155,6007967.142,639708.147,647.499,BED,BED,,,,
2156,6007966.184,639706.986,647.494,BED,BED,,,,
2157,6007965.59,639705.964,647.508,BED,BED,,,,
2158,6007965.318,639705.286,647.72,BED,BED,,,,
2159,6007965.041,639704.646,648.018,BOB,BOTTOM OF BANK,,,,
2160,6007964.6,639704.574,648.618,TOB,TOP OF BANK,,,,
2161,6007963.525,639700.97,650.807,TOB,TOP OF BANK,,,,
2162,6007963.147,639699.924,650.964,GS,GROUND SHOT,,,,
2163,6007955.989,639733.05,648.705,TL,TREELINE,,,,
2164,6007954.012,639731.81,648.734,TOB,TOP OF BANK,,,,
2165,6007952.395,639731.134,648.164,WL,WATERLEVEL,,,,
2166,6007951.213,639730.464,648.009,BED,BED,,,,
2167,6007950.19,639729.764,647.87,BED,BED,,,,
2168,6007948.639,639728.821,647.814,BED,BED,,,,
2169,6007948.632,639728.828,647.808,BED,BED,,,,
2170,6007947.022,639727.538,648.146,WL,WATERLEVEL,,,,
2171,6007946.791,639727.164,648.169,BAR,BAR,,,,
2172,6007945.116,639725.078,648.425,BAR,BAR,,,,
2173,6007944.785,639724.639,648.358,BAR,BAR,,,,
2174,6007944.475,639724.178,648.043,BAR,BAR,,,,
2175,6007944.429,639724.114,648.044,WL,WATERLEVEL,,,,
2176,6007944.274,639723.342,647.724,BED,BED,,,,
2177,6007943.289,639722.594,647.655,BED,BED,,,,
2178,6007942.454,639721.573,647.745,BED,BED,,,,
2179,6007942.018,639721.006,648.038,WL,WATERLEVEL,,,,
2180,6007942.005,639720.457,648.17,BOB,BOTTOM OF BANK,,,,
2181,6007941.196,639719.877,649.211,TOB,TOP OF BANK,,,,
2182,6007920.771,639746.131,649.087,GS,GROUND SHOT,,,,
2183,6007926.868,639752.544,649.015,GS,GROUND SHOT,,,,
2184,6007932.735,639757.427,648.294,WL,WATERLEVEL,,,,
2185,6007934.574,639759.073,648.122,BED,BED,,,,
2186,6007936.024,639760.347,648.053,BED,BED,,,,
2187,6007937.043,639761.184,647.892,BED,BED,,,,
2188,6007937.737,639761.58,647.428,BED,BED,,,,
2189,6007938.378,639761.889,647.36,BED,BED,,,,
2190,6007938.378,639761.889,647.345,BED,BED,,,,
2191,6007938.607,639762.417,647.501,BED,BED,,,,
2192,6007939.138,639762.841,647.854,BED,BED,,,,
2193,6007939.054,639763.319,649.022,TOB,TOP OF BANK,,,,
2194,6007940.474,639764.541,649.131,GS,GROUND SHOT,,,,
2195,6007907.251,639759.772,649.327,GS,GROUND SHOT,,,,
2196,6007906.139,639763.743,649.009,GS,GROUND SHOT,,,,
2197,6007906.092,639765.166,648.674,GS,GROUND SHOT,,,,
2198,6007905.338,639769.808,648.469,GS,GROUND SHOT,,,,
2199,6007904.683,639771.024,648.342,WL,WATERLEVEL,,,,
2200,6007904.202,639772.436,647.966,BED,BED,,,,
2201,6007903.394,639774.262,647.837,BED,BED,,,,
2202,6007902.592,639775.873,647.816,BED,BED,,,,
2203,6007902.401,639777.337,647.984,BED,BED,,,,
2204,6007902.4,639778.881,648.116,BED,BED,,,,
2205,6007902.572,639779.395,648.336,WL,WATERLEVEL,,,,
2206,6007902.5,639780.155,648.551,GS,GROUND SHOT,,,,
2207,6007902.419,639781.188,649.072,BOB,BOTTOM OF BANK,,,,
2208,6007902.57,639782.325,650.377,TOB,TOP OF BANK,,,,
2209,6007902.326,639784.026,650.22,GS,GROUND SHOT,,,,
2210,6007868.822,639764.665,649.714,TL,TREELINE,,,,
2211,6007868.798,639763.996,649.58,TOB,TOP OF BANK,,,,
2212,6007868.737,639763.093,648.86,BOB,BOTTOM OF BANK,,,,
2213,6007868.284,639761.809,648.554,WL,WATERLEVEL,,,,
2214,6007867.964,639761.043,648.448,BED,BED,,,,
2215,6007867.393,639760.28,648.45,BED,BED,,,,
2216,6007866.687,639759.563,648.359,BED,BED,,,,
2217,6007865.975,639758.957,648.21,BED,BED,,,,
2218,6007865.546,639758.358,648.458,BED,BED,,,,
2219,6007865.193,639757.724,648.644,WL,WATERLEVEL,,,,
2220,6007864.56,639757.013,648.747,BOB,BOTTOM OF BANK,,,,
2221,6007864.094,639756.472,649.066,TOB,TOP OF BANK,,,,
2222,6007862.624,639754.722,649.175,GS,GROUND SHOT,,,,
2223,6007840.725,639770.71,649.73,GS,GROUND SHOT,,,,
2224,6007834.245,639774.624,649.443,GS,GROUND SHOT,,,,
2225,6007835.6,639778.816,649.816,GS,GROUND SHOT,,,,
2226,6007836.606,639780.749,649.903,TOB,TOP OF BANK,,,,
2227,6007837.177,639781.332,649.066,BOB,BOTTOM OF BANK,,,,
2228,6007837.488,639781.945,648.691,BED,BED,,,,
2229,6007837.709,639782.958,648.692,BED,BED,,,,
2230,6007837.939,639784.969,648.7,BED,BED,,,,
2231,6007838.528,639786.977,648.694,BED,BED,,,,
2232,6007838.299,639788.78,648.947,BED,BED,,,,
2233,6007838.408,639789.389,649.002,GS,GROUND SHOT,,,,
2234,6007839.272,639792.519,649.293,GS,GROUND SHOT,,,,
2235,6007800.758,639797.112,652.03,GS,GROUND SHOT,,,,
2236,6007801.985,639797.996,651.975,TOB,TOP OF BANK,,,,
2237,6007803.156,639799.385,649.792,BOB,BOTTOM OF BANK,,,,
2238,6007804.045,639799.827,649.6,GS,GROUND SHOT,,,,
2239,6007804.521,639800.136,649.503,WL,WATERLEVEL,,,,
2240,6007805.079,639800.589,649.308,BED,BED,,,,
2241,6007806.788,639802.344,649.216,BED,BED,,,,
2242,6007808.474,639803.733,649.118,BED,BED,,,,
2243,6007809.831,639804.787,649.173,BED,BED,,,,
2244,6007810.907,639806.517,649.313,BED,BED,,,,
2245,6007811.758,639807.998,649.508,BAR,BAR,,,,
2246,6007811.986,639809.085,649.529,BAR,BAR,,,,
2247,6007812.238,639809.865,649.312,BED,BED,,,,
2248,6007813.335,639810.77,649.193,BED,BED,,,,
2249,6007813.848,639811.353,649.459,WL,WATERLEVEL,,,,
2250,6007814.041,639811.301,649.595,BOB,BOTTOM OF BANK,,,,
2251,6007814.372,639811.511,649.954,TOB,TOP OF BANK,,,,
2252,6007815.144,639812.138,649.977,TL,TREELINE,,,,
2254,6007768.589,639854.885,650.385,GS,GROUND SHOT,,,,
2255,6007770.168,639857.628,650.007,GS,GROUND SHOT,,,,
2256,6007772.399,639860.073,649.79,GS,GROUND SHOT,,,,
2257,6007772.802,639860.811,649.772,WL,WATERLEVEL,,,,
2258,6007773.713,639861.6,649.652,BED,BED,,,,
2259,6007774.744,639862.459,649.448,BED,BED,,,,
2260,6007775.423,639863.821,649.446,BED,BED,,,,
2261,6007776.623,639864.937,649.445,BED,BED,,,,
2262,6007777.344,639865.583,649.747,WL,WATERLEVEL,,,,
2263,6007777.987,639866.171,650.061,BOB,BOTTOM OF BANK,,,,
2264,6007779.353,639868.379,654.806,TOB,TOP OF BANK,,,,
2265,6007779.254,639868.297,654.843,TOB,TOP OF BANK,,,,
2266,6007749.223,639877.006,650.401,TL,TREELINE,,,,
2267,6007748.071,639878.89,650.178,GS,GROUND SHOT,,,,
2268,6007747.889,639880.146,650.086,WL,WATERLEVEL,,,,
2269,6007747.873,639881.21,649.907,BED,BED,,,,
2270,6007747.476,639882.855,649.748,BED,BED,,,,
2271,6007746.924,639884.565,649.651,BED,BED,,,,
2272,6007746.896,639886.206,649.853,BED,BED,,,,
2273,6007746.771,639888.087,649.673,BED,BED,,,,
2274,6007747.02,639889.091,649.487,BED,BED,,,,
2275,6007747.193,639890.537,649.477,BED,BED,,,,
2276,6007747.255,639891.73,649.874,WL,WATERLEVEL,,,,
2277,6007747.664,639893.066,650.319,BOB,BOTTOM OF BANK,,,,
2278,6007748.302,639896.066,652.775,TOB,TOP OF BANK,,,,
2279,6007748.383,639898.944,653.036,GS,GROUND SHOT,,,,
2280,6007721.523,639882.711,650.419,TL,TREELINE,,,,
2281,6007722.683,639879.751,650.356,GS,GROUND SHOT,,,,
2282,6007723.407,639877.923,650.172,GS,GROUND SHOT,,,,
2283,6007723.986,639877.537,650.094,WL,WATERLEVEL,,,,
2284,6007724.444,639876.618,649.976,BED,BED,,,,
2285,6007725.443,639875.321,649.708,BED,BED,,,,
2286,6007725.991,639874.548,649.57,BED,BED,,,,
2287,6007726.482,639873.441,649.594,BED,BED,,,,
2288,6007727.734,639872.246,649.716,BED,BED,,,,
2289,6007727.633,639871.196,650.042,WL,WATERLEVEL,,,,
2290,6007727.682,639871.047,650.068,BOB,BOTTOM OF BANK,,,,
2291,6007727.906,639870.668,651.184,TOB,TOP OF BANK,,,,
2292,6007729.121,639869.911,651.382,TL,TREELINE,,,,
2293,6007693.192,639878.103,650.991,GS,GROUND SHOT,,,,
2294,6007690.548,639874.697,650.494,GS,GROUND SHOT,,,,
2295,6007689.74,639873.076,650.223,WL,WATERLEVEL,,,,
2296,6007689.072,639872.387,650.114,BED,BED,,,,
2297,6007688.044,639871.466,649.961,BED,BED,,,,
2298,6007687.682,639870.224,649.708,BED,BED,,,,
2299,6007686.32,639869.134,649.665,BED,BED,,,,
2300,6007684.533,639868.003,649.822,BED,BED,,,,
2301,6007683.777,639867.891,650.222,WL,WATERLEVEL,,,,
2302,6007683.049,639867.14,650.706,BOB,BOTTOM OF BANK,,,,
2303,6007682.774,639865.89,652.541,TOB,TOP OF BANK,,,,
2304,6007681.777,639864.625,652.643,GS,GROUND SHOT,,,,
2305,6007673.68,639914.795,651.015,TL,TREELINE,,,,
2306,6007671.048,639913.931,651.139,GS,GROUND SHOT,,,,
2307,6007669.882,639913.713,650.901,WL,WATERLEVEL,,,,
2308,6007669.2,639913.464,650.686,BED,BED,,,,
2309,6007667.865,639912.536,650.416,BED,BED,,,,
2310,6007666.003,639912.373,650.258,BED,BED,,,,
2311,6007664.081,639911.87,650.414,BED,BED,,,,
2312,6007663.095,639911.93,650.731,BED,BED,,,,
2313,6007661.901,639911.767,650.868,WL,WATERLEVEL,,,,
2314,6007660.963,639911.078,650.909,GS,GROUND SHOT,,,,
2315,6007657.816,639913.194,651.413,TOB,TOP OF BANK,,,,
2316,6007656.1,639913.26,651.68,GS,GROUND SHOT,,,,
2350,6008752.113,639944.936,648.078,GS,GROUND SHOT,,,,
2351,6008752.372,639949.314,647.62,GS,GROUND SHOT,,,,
2352,6008752.018,639952.045,647.496,TOB,TOP OF BANK,,,,
2353,6008751.181,639954.531,646.616,BOB,BOTTOM OF BANK,,,,
2354,6008750.971,639954.587,646.66,WL,WATERLEVEL,,,,
2355,6008750.942,639954.946,646.391,BED,BED,,,,
2356,6008751.316,639956.232,645.845,BED,BED,,,,
2357,6008751.446,639957.1,645.929,BED,BED,,,,
2358,6008751.532,639957.771,645.905,BED,BED,,,,
2359,6008751.852,639958.47,646.167,BED,BED,,,,
2360,6008751.801,639959.085,646.626,WL,WATERLEVEL,,,,
2361,6008751.766,639959.506,646.769,TOB,TOP OF BANK,,,,
2362,6008752.254,639960.672,646.97,TL,TREELINE,,,,
2363,6008969.421,639860.82,646.644,TL,TREELINE,,,,
2364,6008968.375,639861.732,646.598,TOB,TOP OF BANK,,,,
2365,6008967.835,639862.381,646.133,WL,WATERLEVEL,,,,
2366,6008967.272,639862.253,645.635,BED,BED,,,,
2367,6008965.748,639862.714,645.661,BED,BED,,,,
2368,6008964.096,639863.682,645.779,BED,BED,,,,
2369,6008962.647,639864.395,645.878,BED,BED,,,,
2370,6008961.122,639865.441,645.954,BED,BED,,,,
2371,6008959.987,639866.238,645.897,BED,BED,,,,
2372,6008958.864,639867.078,645.985,BED,BED,,,,
2373,6008958.375,639867.368,646.082,BAR,BAR,,,,
2374,6008957.488,639868.183,646.229,BAR,BAR,,,,
2375,6008956.975,639868.692,646.405,BAR,BAR,,,,
2376,6008956.516,639868.876,646.106,BAR,BAR,,,,
2377,6008956.425,639868.805,646.119,WL,WATERLEVEL,,,,
2378,6008955.845,639869.231,645.759,BED,BED,,,,
2379,6008954.583,639870.182,645.882,BED,BED,,,,
2380,6008953.535,639871.004,646.083,BED,BED,,,,
2381,6008953.437,639870.999,646.126,BAR,BAR,,,,
2382,6008952.904,639871.253,646.434,BAR,BAR,,,,
2383,6008951.09,639872.79,646.331,BAR,BAR,,,,
2384,6008949.219,639874.21,646.125,BAR,BAR,,,,
2385,6008948.634,639874.587,646.087,WL,WATERLEVEL,,,,
2386,6008948.355,639874.589,646.029,BED,BED,,,,
2387,6008947.113,639875.89,645.917,BED,BED,,,,
2388,6008945.652,639877.041,645.871,BED,BED,,,,
2389,6008943.924,639878.376,645.804,BED,BED,,,,
2390,6008942.368,639879.333,645.79,BED,BED,,,,
2391,6008940.846,639880.254,645.889,BED,BED,,,,
2392,6008940.587,639880.332,646.062,BOB,BOTTOM OF BANK,,,,
2394,6008940.412,639880.939,646.205,TOB,TOP OF BANK,,,,
2395,6008939.599,639880.875,646.062,TL,TREELINE,,,,
2396,6008932.469,639891.302,646.109,TL,TREELINE,,,,
2397,6008932.469,639891.302,646.109,MARSH,MARSH,,,,
2398,6008932.413,639891.799,645.82,BED,BED,,,,
2399,6008932.366,639892.926,645.68,BED,BED,,,,
2400,6008932.35,639894.07,645.534,BED,BED,,,,
2401,6008932.39,639895.578,645.371,BED,BED,,,,
2402,6008932.648,639897.721,645.17,BED,BED,,,,
2403,6008932.93,639898.934,645.298,BED,BED,,,,
2404,6008933.077,639900.565,645.418,BED,BED,,,,
2405,6008933.169,639902.401,645.53,BED,BED,,,,
2406,6008932.921,639904.042,645.93,BED,BED,,,,
2407,6008933.018,639904.424,646.126,WL,WATERLEVEL,,,,
2408,6008932.865,639904.618,646.201,BOB,BOTTOM OF BANK,,,,
2409,6008932.925,639908.836,647.668,TOB,TOP OF BANK,,,,
2410,6008933.948,639911.946,647.795,GS,GROUND SHOT,,,,
2411,6008800.883,639915.375,646.373,GS,GROUND SHOT,,,,
2412,6008799.234,639911.578,646.316,TOB,TOP OF BANK,,,,
2413,6008799.246,639911.316,646.192,WL,WATERLEVEL,,,,
2414,6008799.093,639911.298,646.023,BED,BED,,,,
2415,6008798.797,639910.71,645.832,BED,BED,,,,
2416,6008798.434,639909.852,645.664,BED,BED,,,,
2417,6008797.855,639908.286,645.6,BED,BED,,,,
2418,6008797.428,639906.673,645.566,BED,BED,,,,
2419,6008796.841,639905.289,645.413,BED,BED,,,,
2420,6008796.577,639903.905,645.685,BED,BED,,,,
2421,6008795.877,639902.896,645.993,BED,BED,,,,
2422,6008795.873,639902.732,646.123,BED,BED,,,,
2423,6008795.757,639902.612,646.219,BOB,BOTTOM OF BANK,,,,
2424,6008794.959,639901.97,647.021,TOB,TOP OF BANK,,,,
2450,6008055.893,639690.802,650.325,GS,GROUND SHOT,,,,
2451,6008055.914,639690.76,650.83,GS,GROUND SHOT,,,,
2452,6008038.551,639701.515,650.826,GS,GROUND SHOT,,,,
2453,6008019.98,639697.226,650.783,GS,GROUND SHOT,,,,
2454,6008012.703,639702.033,650.827,BERM TOP,,,,,
2455,6008005.52,639704.6,650.826,BERM TOP,,,,,
2456,6008001.252,639708.788,650.904,BERM TOP,,,,,
2457,6008020.768,639711.462,650.29,TL,TREELINE,,,,
2458,6008020.456,639712.193,650.019,TOB,TOP OF BANK,,,,
2459,6008025.12,639716.349,650.47,GS,GROUND SHOT,,,,
2460,6008023.605,639717.033,650.151,TOB,TOP OF BANK,,,,
2461,6008012.608,639712.256,650.013,GS,GROUND SHOT,,,,
2462,6008014.094,639711.884,649.945,TOB,TOP OF BANK,,,,
2463,6008012.621,639720.041,650.168,GS,GROUND SHOT,,,,
2464,6008014.37,639719.043,650.133,TOB,TOP OF BANK,,,,
2465,6008018.599,639712.881,647.992,BOB,BOTTOM OF BANK,,,,
2466,6008017.781,639713.324,647.857,GS,GROUND SHOT,,,,
2467,6008016.844,639713.611,647.974,GS,GROUND SHOT,,,,
2468,6008016.302,639713.434,648.177,BOB,BOTTOM OF BANK,,,,
2469,6008016.853,639718.377,647.896,BOB,BOTTOM OF BANK,,,,
2470,6008018.002,639718.008,647.347,GS,GROUND SHOT,,,,
2471,6008018.166,639717.859,647.34,WL,WATERLEVEL,,,,
2472,6008018.603,639717.708,646.986,BED,BED,,,,
2473,6008019.192,639717.779,646.699,BED,BED,,,,
2474,6008019.838,639717.426,646.736,BED,BED,,,,
2475,6008020.32,639717.266,647.079,BED,BED,,,,
2476,6008020.64,639717.15,647.35,WL,WATERLEVEL,,,,
2477,6008021.217,639716.876,647.805,GS,GROUND SHOT,,,,
2478,6008021.627,639716.637,648.024,BOB,BOTTOM OF BANK,,,,
2479,6008034.097,639733.164,650.535,GS,GROUND SHOT,,,,
2480,6008032.749,639733.198,650.381,TOB,TOP OF BANK,,,,
2481,6008029.824,639733.063,649.093,GS,GROUND SHOT,,,,
2482,6008027.062,639733.375,647.516,BOB,BOTTOM OF BANK,,,,
2483,6008026.835,639733.357,647.363,WL,WATERLEVEL,,,,
2484,6008026.185,639733.586,646.993,BED,BED,,,,
2485,6008025.362,639733.629,646.805,BED,BED,,,,
2486,6008024.775,639733.605,646.732,BED,BED,,,,
2487,6008024.157,639733.588,646.93,BED,BED,,,,
2488,6008023.286,639733.875,647.366,BOB,BOTTOM OF BANK,,,,
2489,6008019.909,639733.882,649.735,TOB,TOP OF BANK,,,,
2490,6008017.803,639733.054,649.916,GS,GROUND SHOT,,,,
2491,6008018.277,639764.002,649.1,TOB,TOP OF BANK,,,,
2492,6008016.156,639764.61,647.648,BOB,BOTTOM OF BANK,,,,
2493,6008015.622,639764.895,647.393,WL,WATERLEVEL,,,,
2494,6008015.331,639765.179,647.101,BED,BED,,,,
2495,6008014.856,639765.588,646.832,BED,BED,,,,
2496,6008014.581,639766.181,646.961,BED,BED,,,,
2497,6008014.17,639766.684,647.132,BED,BED,,,,
2498,6008014.286,639767.388,647.36,BOB,BOTTOM OF BANK,,,,
2499,6008013.48,639770.216,649.392,TOB,TOP OF BANK,,,,
2500,6008051.001,639772.303,647.3,DAM,BEAVER DAM,,,,
2501,6008066.057,639783.637,650.139,GS,GROUND SHOT,,,,
2502,6008063.349,639784.309,649.061,TOB,TOP OF BANK,,,,
2503,6008062.531,639784.463,648.103,BOB,BOTTOM OF BANK,,,,
2504,6008061.781,639785.121,647.443,GS,GROUND SHOT,,,,
2505,6008061.57,639785.265,647.352,WL,WATERLEVEL,,,,
2506,6008061.425,639785.715,646.935,BED,BED,,,,
2507,6008061.198,639786.354,646.619,BED,BED,,,,
2508,6008061,639786.777,646.504,BED,BED,,,,
2509,6008060.696,639787.498,646.605,BED,BED,,,,
2510,6008060.48,639788.374,646.754,BED,BED,,,,
2511,6008059.703,639789.124,647.141,BED,BED,,,,
2512,6008059.358,639789.453,647.415,GS,GROUND SHOT,,,,
2513,6008059.29,639790.196,647.69,BOB,BOTTOM OF BANK,,,,
2514,6008057.224,639791.804,649.967,TOB,TOP OF BANK,,,,
2515,6008559.47,639964.019,647.774,CULV,CULVERT,400mm,CSP,OBV,CRUSHED
2516,6008576.12,639959.619,647.673,CULV,CULVERT,400mm,CSP,OBV,CRUSHED
2517,6008573.241,639956.78,647.87,RD SHLD2,ROAD SHOULDER,,,,
2518,6008567.335,639959.456,648.151,RD CL1, ROAD CENTERLINE,,,,
2519,6008560.699,639961.561,647.938,RD SHLD1,ROAD SHOULDER,,,,
2520,6008561.817,639965.15,647.916,TOS1,TOP OF SLOPE,,,,
2521,6008562.205,639967.801,647.841,TOS1,TOP OF SLOPE,,,,
2522,6008564.052,639971.802,647.644,TOS1,TOP OF SLOPE,,,,
2523,6008570.434,639970.112,648.087,RD CL1, ROAD CENTERLINEL,,,,
2524,6008576.406,639968.616,647.924,RD SHLD2,ROAD SHOULDER,,,,
2525,6008577.486,639971.77,647.919,RD SHLD2,ROAD SHOULDER,,,,
2526,6008578.322,639975.135,647.906,RD SHLD2,ROAD SHOULDER,,,,
2527,6008573.604,639976.636,648.089,RD CL1, ROAD CENTERLINE,,,,
2528,6008565.654,639974.885,647.581,TOS1,TOP OF SLOPE,,,,
2529,6008566.593,639978.443,647.533,TOS1,TOP OF SLOPE,,,,
2530,6008562.495,639964.631,647.933,RD SHLD1,ROAD SHOULDER,,,,
2531,6008564.577,639968.912,647.899,RD SHLD1,ROAD SHOULDER,,,,
2532,6008567.474,639975.453,647.855,RD SHLD1,ROAD SHOULDER,,,,
2533,6008568.649,639980.082,647.855,RD SHLD1,ROAD SHOULDER,,,,
2534,6008567.504,639985.249,647.527,TOS1,TOP OF SLOPE,,,,
2535,6008569.65,639984.869,647.89,RD SHLD1,ROAD SHOULDER,,,,
2536,6008574.706,639983.326,648.108,RD CL1, ROAD CENTERLINE,,,,
2537,6008579.674,639981.604,647.962,RD SHLD2,ROAD SHOULDER,,,,
2538,6008581.53,639988.053,647.938,RD SHLD2,ROAD SHOULDER,,,,
2539,6008576.561,639990.007,648.124,RD CL1, ROAD CENTERLINE,,,,
2540,6008571.464,639991.876,647.976,RD SHLD1,ROAD SHOULDER,,,,
2541,6008569.3,639992.327,647.556,TOS1,TOP OF SLOPE,,,,
2542,6008571.809,639999.603,647.684,TOS1,TOP OF SLOPE,,,,
2543,6008573.201,639999.004,648.011,RD SHLD1,ROAD SHOULDER,,,,
2544,6008578.584,639997.016,648.189,RD CL1, ROAD CENTERLINE,,,,
2545,6008583.066,639995.63,647.934,RD SHLD2,ROAD SHOULDER,,,,
2546,6008584.104,639995.135,647.541,BOS4,BOTTOM OF SLOPE,,,,
2547,6008583.172,639990.34,647.556,BOS4,BOTTOM OF SLOPE,,,,
2548,6008583.117,639986.566,647.362,BOS4,BOTTOM OF SLOPE,,,,
2549,6008583.392,639985.114,646.996,BOS4,BOTTOM OF SLOPE,,,,
2550,6008584.16,639988.136,647.396,BOS1,BOTTOM OF SLOPE,,,,
2551,6008584.907,639985.68,646.6,BOS1,BOTTOM OF SLOPE,,,,
2552,6008583.997,639983.013,646.39,BOS1,BOTTOM OF SLOPE,,,,
2553,6008583.313,639980.772,646.091,BOS1,BOTTOM OF SLOPE,,,,
2554,6008583.211,639980.505,646.119,WL,WATERLEVEL,,,,
2555,6008582.681,639979.617,645.853,BED,BED,,,,
2556,6008582.834,639978.907,645.759,BED,BED,,,,
2557,6008582.502,639978.051,645.763,BED,BED,,,,
2558,6008582.135,639976.881,645.879,BED,BED,,,,
2559,6008581.756,639975.834,645.952,BED,BED,,,,
2560,6008581.657,639975.491,646.064,BOS2,BOTTOM OF SLOPE,,,,
2561,6008580.907,639974.319,646.503,BOS2,BOTTOM OF SLOPE,,,,
2562,6008579.735,639971.868,646.902,BOS2,BOTTOM OF SLOPE,,,,
2563,6008578.419,639968.547,646.908,BOS2,BOTTOM OF SLOPE,,,,
2564,6008577.457,639965.795,647.079,BOS2,BOTTOM OF SLOPE,,,,
2565,6008576.781,639962.484,647.129,BOS2,BOTTOM OF SLOPE,,,,
2566,6008576.699,639960.503,647.086,BOS2,BOTTOM OF SLOPE,,,,
2567,6008576.104,639959.358,646.862,BOS2,BOTTOM OF SLOPE,,,,
2568,6008576.025,639959.569,647.241,CULV,CULVERT,,,,
2569,6008568.634,639991.801,647.426,BOS3,BOTTOM OF SLOPE,,,,
2570,6008567.219,639989.576,647.319,BOS3,BOTTOM OF SLOPE,,,,
2571,6008565.751,639987.337,646.749,BOS3,BOTTOM OF SLOPE,,,,
2572,6008564.883,639984.934,646.527,BOS3,BOTTOM OF SLOPE,,,,
2573,6008564.329,639981.593,646.36,BOS3,BOTTOM OF SLOPE,,,,
2574,6008563.985,639978.894,646.193,BOS3,BOTTOM OF SLOPE,,,,
2575,6008563.572,639976.819,646.176,BOS3,BOTTOM OF SLOPE,,,,
2576,6008562.491,639974.419,646.116,BOS3,BOTTOM OF SLOPE,,,,
2577,6008561.556,639972.68,646.352,BOS3,BOTTOM OF SLOPE,,,,
2578,6008560.58,639970.934,646.659,BOS3,BOTTOM OF SLOPE,,,,
2579,6008560.115,639969.297,646.976,BOS3,BOTTOM OF SLOPE,,,,
2580,6008559.058,639967.217,646.979,BOS3,BOTTOM OF SLOPE,,,,
2581,6008559.213,639965.275,646.973,BOS3,BOTTOM OF SLOPE,,,,
2582,6008559.328,639964.085,647.162,BOS3,BOTTOM OF SLOPE,,,,
2583,6008557.833,639968.406,646.983,GS,GROUND SHOT,,,,
2584,6008557.98,639969.212,647.022,TOB,TOP OF BANK,,,,
2585,6008559.047,639971.237,646.362,BOB,BOTTOM OF BANK,,,,
2586,6008559.345,639971.463,646.353,WL,WATERLEVEL,,,,
2587,6008559.46,639972.031,646.142,BED,BED,,,,
2588,6008560.034,639973.278,645.799,BED,BED,,,,
2589,6008560.391,639974.352,645.613,BED,BED,,,,
2590,6008560.642,639975.58,645.448,BED,BED,,,,
2591,6008561.065,639976.923,645.526,BED,BED,,,,
2592,6008561.704,639978.575,645.652,BED,BED,,,,
2593,6008561.797,639979.641,645.897,BED,BED,,,,
2594,6008562.265,639981.555,646.161,BED,BED,,,,
2595,6008562.63,639983.244,646.199,BED,BED,,,,
2596,6008562.887,639984.295,646.284,GS,GROUND SHOT,,,,
2597,6008563.577,639986.697,646.323,GS,GROUND SHOT,,,,
2598,6008564.3,639989.161,646.607,GS,GROUND SHOT,,,,
2599,6008565.092,639991.959,647.32,GS,GROUND SHOT,,,,
2600,6008565.812,639994.689,647.638,GS,GROUND SHOT,,,,
2601,6008581.6,639978.402,646.042,CULV,CULVERT,?,CSP,OBV,
2602,6008602.266,639971.887,646.985,GS,GROUND SHOT,,,,
2603,6008602.085,639970.771,646.923,TOB,TOP OF BANK,,,,
2604,6008601.831,639970.489,646.62,WL,WATERLEVEL,,,,
2605,6008601.764,639970.233,646.467,BED,BED,,,,
2606,6008601.4,639969.11,646.23,BED,BED,,,,
2607,6008600.761,639967.992,646.061,BED,BED,,,,
2608,6008600.508,639966.609,645.916,BED,BED,,,,
2609,6008600.472,639965.363,646.02,BED,BED,,,,
2610,6008600.478,639963.96,646.246,BED,BED,,,,
2611,6008600.763,639962.223,646.295,BED,BED,,,,
2612,6008600.751,639961.398,646.536,BED,BED,,,,
2613,6008600.568,639960.952,646.82,BOB,BOTTOM OF BANK,,,,
2614,6008600.382,639960.604,647.179,TOB,TOP OF BANK,,,,
2615,6008670.583,639930.546,647.652,GS,GROUND SHOT,,,,
2616,6008671.306,639932.465,647.448,TOB,TOP OF BANK,,,,
2617,6008671.312,639933.315,646.966,BOB,BOTTOM OF BANK,,,,
2618,6008671.93,639934.491,646.691,GS,GROUND SHOT,,,,
2619,6008672.204,639935.002,646.622,WL,WATERLEVEL,,,,
2620,6008672.74,639935.689,646.278,BED,BED,,,,
2621,6008673.857,639936.052,646.131,BED,BED,,,,
2622,6008675.005,639937.004,645.758,BED,BED,,,,
2623,6008675.034,639938.078,645.511,BED,BED,,,,
2624,6008674.932,639937.991,645.435,BED,BED,,,,
2625,6008675.754,639939.841,645.651,BED,BED,,,,
2626,6008676.461,639940.837,645.921,BED,BED,,,,
2627,6008677.153,639942.442,646.391,BED,BED,,,,
2628,6008678.388,639943.047,646.681,GS,GROUND SHOT,,,,
2629,6008679.595,639944.085,646.876,GS,GROUND SHOT,,,,
2630,6008680.763,639944.439,646.882,TL,TREELINE,,,,
2631,6008583.751,639973.947,647.392,TOB,TOP OF BANK,,,,
2632,6008583.924,639975.155,646.743,BOB,BOTTOM OF BANK,,,,
2633,6008583.954,639975.419,646.618,WL,WATERLEVEL,,,,
2634,6008583.996,639976.113,646.333,BED,BED,,,,
2635,6008584.198,639976.982,646.179,BED,BED,,,,
2636,6008584.392,639978.156,646.074,BED,BED,,,,
2637,6008584.813,639979.318,646.083,BED,BED,,,,
2638,6008584.801,639979.275,646.06,BED,BED,,,,
2639,6008585.487,639980.437,646.323,BED,BED,,,,
2640,6008585.974,639981.443,646.646,GS,GROUND SHOT,,,,
2641,6008586.983,639983.625,646.712,GS,GROUND SHOT,,,,
2642,6008588.895,639984.916,646.81,BOB,BOTTOM OF BANK,,,,
2643,6008589.427,639985.036,647.31,TOB,TOP OF BANK,,,,
2644,6008589.418,639984.997,647.289,TOB,TOP OF BANK,,,,
2645,6008590.566,639986.407,648.027,GS,GROUND SHOT,,,,
2646,6008409.277,639943.313,648.561,GS,GROUND SHOT,,,,
2647,6008406.551,639943.764,648.316,TOB,TOP OF BANK,,,,
2648,6008404.633,639944.443,647.421,BOB,BOTTOM OF BANK,,,,
2649,6008404.309,639944.486,647.318,WL,WATERLEVEL,,,,
2650,6008403.53,639944.4,646.915,BED,BED,,,,
2651,6008402.066,639945.147,646.48,BED,BED,,,,
2652,6008400.063,639945.364,645.852,BED,BED,,,,
2653,6008307.288,639852.484,649.353,GS,GROUND SHOT,,,,
2654,6008307.182,639854.338,649.226,TOB,TOP OF BANK,,,,
2655,6008306.404,639856.754,647.466,BOB,BOTTOM OF BANK,,,,
2656,6008306.246,639856.807,647.321,WL,WATERLEVEL,,,,
2657,6008306.676,639857.331,646.983,BED,BED,,,,
2658,6008307.043,639858.52,646.067,BED,BED,,,,
2659,6008306.444,639859.496,645.94,BED,BED,,,,
2660,6008162.467,639838.313,649.422,GS,GROUND SHOT,,,,
2661,6008161.62,639839.929,649.167,TOB,TOP OF BANK,,,,
2662,6008160.61,639842.506,647.484,BOB,BOTTOM OF BANK,,,,
2663,6008160.608,639842.781,647.402,WL,WATERLEVEL,,,,
2664,6008160.272,639843.327,646.993,BED,BED,,,,
2665,6008159.393,639843.948,646.332,BED,BED,,,,
2666,6008159.167,639844.998,646.047,BED,BED,,,,
2667,6008157.723,639845.034,646.233,BED,BED,,,,
2668,6008156.458,639845.23,646.6,BED,BED,,,,
2669,6008155.052,639844.959,647.077,BED,BED,,,,
2670,6008154.199,639845.39,647.431,BOB,BOTTOM OF BANK,,,,
2671,6008153.396,639847.614,649.365,TOB,TOP OF BANK,,,,
2672,6008152.327,639848.865,649.522,GS,GROUND SHOT,,,,
5000,6008114.777,639633.739,650.3,BRIDGE DECK,BRIDGE DECK,,,,
5001,6008108.243,639623.297,650.325,BRIDGE DECK,BRIDGE DECK,,,,
5002,6008101.279,639627.558,650.524,BRIDGE DECK,BRIDGE DECK,,,,
5003,6008107.664,639638.114,650.51,BRIDGE DECK,BRIDGE DECK,,,,
5004,6008112.815,639614.377,649.463,GS,GROUND SHOT,,,,
